id,date,sender_id,text,image_paths
5488,2025-01-26 15:22:30+00:00,-1001884225733,,data/5488_photo.jpg
5487,2025-01-26 15:22:30+00:00,-1001884225733,,data/5487_photo.jpg
5486,2025-01-26 15:22:30+00:00,-1001884225733,,data/5486_photo.jpg
5485,2025-01-26 15:22:30+00:00,-1001884225733,,data/5485_photo.jpg
5484,2025-01-26 15:22:30+00:00,-1001884225733,,data/5484_photo.jpg
5483,2025-01-26 15:22:30+00:00,-1001884225733,,data/5483_photo.jpg
5482,2025-01-26 15:22:30+00:00,-1001884225733,,data/5482_photo.jpg
5481,2025-01-26 15:22:30+00:00,-1001884225733,,data/5481_photo.jpg
5480,2025-01-26 15:22:30+00:00,-1001884225733,,data/5480_photo.jpg
5479,2025-01-26 15:22:30+00:00,-1001884225733,"ูุตูู ุงูุฏูุนุฉ ุงูุฌุฏูุฏุฉ ููุฃุซูุงุจ ุงูู ุญุฌุฒูุง ูุฏุฎูู ููููููุง ูุจู ูุง ุชุฎูุต ุงููููุฉ....๐ซก

ุงุซูุงุจ ุฑุฌุงูู ุฑุงูู ุงุจู ูุตูุต ุทูุทู ุฎุงูู ูุฎูุงุท ุชูุตูู ุฐูุจ ู ุงููุทููุจ ูุจุฃุณุนุงุฑ ูุณูููุณ 
 ุงูุงุณุนุงุฑ ุจุงูููุฑุฌู ูขู ุซูุจ 
ุฑุฌุงูู ุฎูุณููุงุช ุจ ูฃูฉ ุงูู ๐ฅ๐ฅ
ุงุฑุจุนููุงุช ุดุจุงุจู ุจ ูฃูฃุงูู ๐ฅ๐ฅ
ุซูุงุซููุงุช ูุงุณุท ุจ ูขูฅ ุงูู ๐ฅ๐ฅ
ุนุดุฑููุงุช ุตุบูุฑ ุจ ูกูง ุงูู ๐ฅ๐ฅ

ููุชูุงุตู ูุทูุจ ุงูุดุฑุงุก: 

ูุฑุฌู ุงูุชูุงุตู ูุน ูุณุคู ุงููุจูุนุงุช ุนูู ุงูุฑูู ุงูุชุงูู 
+967739817442



ููุดุงูุฏุฉ ุฌููุน ุงูุนุฑูุถ ุงูุณุงุจูุฉ ูุฑุฌู ุงูุฅูุถูุงู ูููุงุชูุง ุนูู ุงููุงุชุณ ุงุจ 

https://whatsapp.com/channel/0029Va8QJ7K0LKZK9wKGBS0P",data/5479_photo.jpg
5478,2025-01-26 15:03:48+00:00,-1001884225733,,data/5478_photo.jpg
5477,2025-01-26 15:03:48+00:00,-1001884225733,,data/5477_photo.jpg
5476,2025-01-26 15:03:48+00:00,-1001884225733,,data/5476_photo.jpg
5475,2025-01-26 15:03:48+00:00,-1001884225733,"โจโจโจโจโจโจูุตู ุงูุฌุฏูุฏ 
  *ุฌุฏูุฏ ุงูููู...๐๐๐ป๐๐ป*

*โ* ุทูู ุจูุงุชู ูููู ูู 4 ูุทุน ุฌููู ูุงููู  ๐๐๐๐๐๐
*โ* ููุงุณุงุช/ 22.24.26
*โ* ููุจุณ ูู ุนูุฑ ุณูุชูู ุงูู 6 ุณููุงุช ๐๐ป
ุนูู ูุชูู ูุจุณุนุฑ ููุง ุจุงูุฅุญูุงู๐ฅ๐ฅ๐ฅ๐ฅ

ููุชูุงุตู ูุทูุจ ุงูุดุฑุงุก: 

ูุฑุฌู ุงูุชูุงุตู ูุน ูุณุคู ุงููุจูุนุงุช ุนูู ุงูุฑูู ุงูุชุงูู 
+967739817442

ููุดุงูุฏุฉ ุฌููุน ุงูุนุฑูุถ ุงูุณุงุจูุฉ ูุฑุฌู ุงูุฅูุถูุงู ูููุงุชูุง ุนูู ุงููุงุชุณ ุงุจ 

https://whatsapp.com/channel/0029Va8QJ7K0LKZK9wKGBS0P",data/5475_photo.jpg
5474,2025-01-26 15:03:48+00:00,-1001884225733,,data/5474_photo.jpg
5473,2025-01-26 15:03:48+00:00,-1001884225733,,data/5473_photo.jpg
5472,2025-01-25 17:18:28+00:00,-1001884225733,,data/5472_photo.jpg
5471,2025-01-25 17:18:28+00:00,-1001884225733,,data/5471_photo.jpg
5470,2025-01-25 17:18:28+00:00,-1001884225733,,data/5470_photo.jpg
5469,2025-01-25 17:18:28+00:00,-1001884225733,,data/5469_photo.jpg
5468,2025-01-25 17:18:28+00:00,-1001884225733,,data/5468_photo.jpg
5467,2025-01-25 17:18:28+00:00,-1001884225733,,data/5467_photo.jpg
5466,2025-01-25 17:18:27+00:00,-1001884225733,,data/5466_photo.jpg
5465,2025-01-25 17:18:27+00:00,-1001884225733,,data/5465_photo.jpg
5464,2025-01-25 17:18:27+00:00,-1001884225733,,data/5464_photo.jpg
5463,2025-01-25 17:18:27+00:00,-1001884225733,"ุณูุชูุงูุงุช ุงุณุชูู ุฐูุจ ูุงุฎุฑ ูู ุงูุขุฎุฑ ูู ุงูุฑุงูู ุฑูู 1 ุชุดูููุงุช ููุงุณุงุช ุงููุงู ุจุณุนุฑ 3500 ุฑูุงู ู ุงูุฏุฑุฒู ุนุจูุฉ ุงูุทุฑุฏ 50 ุฏุฑุฒู๐ฅ ุงููููุฉ ูุญุฏูุฏุฉ

ููุชูุงุตู ูุทูุจ ุงูุดุฑุงุก: 

ูุฑุฌู ุงูุชูุงุตู ูุน ูุณุคู ุงููุจูุนุงุช ุนูู ุงูุฑูู ุงูุชุงูู 
+967739817442

ููุดุงูุฏุฉ ุฌููุน ุงูุนุฑูุถ ุงูุณุงุจูุฉ ูุฑุฌู ุงูุฅูุถูุงู ูููุงุชูุง ุนูู ุงููุงุชุณ ุงุจ 

https://whatsapp.com/channel/0029Va8QJ7K0LKZK9wKGBS0P",data/5463_photo.jpg
5462,2025-01-25 16:48:56+00:00,-1001884225733,"ุจููุณุฑุงุช ูุณุงุฆู ุณุจุนุฉ ุงููุงู ูุชุนุฏุฏุฉ ุจุณุนุฑ ุนุฑุทุฉ ุณุนุฑ ุงูุฏุฑุฒู ุจ 1400 ุฑูุงู ูููููุงุช ู 1500ุฑูุงู ู ุงูู ูุดุชู ุจุงูุฏุฑุฒู ๐ฅ

ููุชูุงุตู ูุทูุจ ุงูุดุฑุงุก: 

ูุฑุฌู ุงูุชูุงุตู ูุน ูุณุคู ุงููุจูุนุงุช ุนูู ุงูุฑูู ุงูุชุงูู 
+967739817442


ููุดุงูุฏุฉ ุฌููุน ุงูุนุฑูุถ ุงูุณุงุจูุฉ ูุฑุฌู ุงูุฅูุถูุงู ูููุงุชูุง ุนูู ุงููุงุชุณ ุงุจ 

https://whatsapp.com/channel/0029Va8QJ7K0LKZK9wKGBS0P",data/5462_photo.jpg
5461,2025-01-25 16:41:08+00:00,-1001884225733,,data/5461_photo.jpg
5460,2025-01-25 16:41:08+00:00,-1001884225733,,data/5460_photo.jpg
5459,2025-01-25 16:41:08+00:00,-1001884225733,,data/5459_photo.jpg
5458,2025-01-25 16:41:08+00:00,-1001884225733,"ุดุจูุฉ ุงูุฌูุฒ ูุณุงุฆู ุงูููุงุณ ุงููุจูุฑ ูุด ุงูุญุงุฆุฑ 4 ููุฏููุงุช ุจุฃููุงูุฉ ูู ููุฏูู ุงุญูู ูู ุงูุซุงูู ุณุนุฑ ุงูุฏุฑุฒู ุจ 4600 ุฑูุงู ููุท๐ฅ๐ฅ๐ฅ

ููุชูุงุตู ูุทูุจ ุงูุดุฑุงุก: 

ูุฑุฌู ุงูุชูุงุตู ูุน ูุณุคู ุงููุจูุนุงุช ุนูู ุงูุฑูู ุงูุชุงูู 
+967739817442

ููุดุงูุฏุฉ ุฌููุน ุงูุนุฑูุถ ุงูุณุงุจูุฉ ูุฑุฌู ุงูุฅูุถูุงู ูููุงุชูุง ุนูู ุงููุงุชุณ ุงุจ 

https://whatsapp.com/channel/0029Va8QJ7K0LKZK9wKGBS0P",data/5458_photo.jpg
5457,2025-01-25 15:12:54+00:00,-1001884225733,,data/5457_photo.jpg
5456,2025-01-25 15:12:54+00:00,-1001884225733,,data/5456_photo.jpg
5455,2025-01-25 15:12:54+00:00,-1001884225733,,data/5455_photo.jpg
5454,2025-01-25 15:12:54+00:00,-1001884225733,,data/5454_photo.jpg
5453,2025-01-25 15:12:54+00:00,-1001884225733,,data/5453_photo.jpg
5452,2025-01-25 15:12:54+00:00,-1001884225733,"ุณุฑุงููู ูุณุงุฆู ุงุณุชุฑุชุด ุนุฑูุถ ุนุฏุฉ ุฑุณูุงุช ุณุนุฑ ุงูุฏุฑุฒู ุจ 4800 ุฑูุงู ู ุงูู ูุดุชู ุจุงูุทุฑุฏ ูุงูู ูุดุชู ุจุงูุฏุฑุฒู ูู 5 ุงูู ุฑูุงู ููุท๐ฅ๐ฅ๐ฅ๐ฅ

ููุชูุงุตู ูุทูุจ ุงูุดุฑุงุก: 

ูุฑุฌู ุงูุชูุงุตู ูุน ูุณุคู ุงููุจูุนุงุช ุนูู ุงูุฑูู ุงูุชุงูู 
+967739817442

ููุดุงูุฏุฉ ุฌููุน ุงูุนุฑูุถ ุงูุณุงุจูุฉ ูุฑุฌู ุงูุฅูุถูุงู ูููุงุชูุง ุนูู ุงููุงุชุณ ุงุจ 

https://whatsapp.com/channel/0029Va8QJ7K0LKZK9wKGBS0P",data/5452_photo.jpg
5451,2025-01-25 03:40:09+00:00,-1001884225733,,data/5451_photo.jpg
5450,2025-01-25 03:40:09+00:00,-1001884225733,"ุงุทูู ุจูุงุชู ููุฏู ูุทุนุชูู ุดูุฑุช ุณุนุฑ ุงูุทูู ุจ 1400 ุฑูุงู ููุท๐ฅ๐ฅ๐ฅ

ููุชูุงุตู ูุทูุจ ุงูุดุฑุงุก: 

ูุฑุฌู ุงูุชูุงุตู ูุน ูุณุคู ุงููุจูุนุงุช ุนูู ุงูุฑูู ุงูุชุงูู 
+967739817442


ููุดุงูุฏุฉ ุฌููุน ุงูุนุฑูุถ ุงูุณุงุจูุฉ ูุฑุฌู ุงูุฅูุถูุงู ูููุงุชูุง ุนูู ุงููุงุชุณ ุงุจ 

https://whatsapp.com/channel/0029Va8QJ7K0LKZK9wKGBS0P",data/5450_photo.jpg
5449,2025-01-25 03:39:35+00:00,-1001884225733,,data/5449_photo.jpg
5448,2025-01-25 03:39:35+00:00,-1001884225733,,data/5448_photo.jpg
5447,2025-01-25 03:39:35+00:00,-1001884225733,,data/5447_photo.jpg
5446,2025-01-25 03:39:35+00:00,-1001884225733,,data/5446_photo.jpg
5445,2025-01-25 03:39:35+00:00,-1001884225733,"ุงุทูู ุจูุงุชู ููุฏู ูุทุนุชูู ุดูุฑุช ุฑุงูู ุณุนุฑ ุงูุทูู ุจ 1400 ุฑูุงู ููุท๐ฅ๐ฅ๐ฅ

ููุชูุงุตู ูุทูุจ ุงูุดุฑุงุก: 

ูุฑุฌู ุงูุชูุงุตู ูุน ูุณุคู ุงููุจูุนุงุช ุนูู ุงูุฑูู ุงูุชุงูู 
+967739817442


ููุดุงูุฏุฉ ุฌููุน ุงูุนุฑูุถ ุงูุณุงุจูุฉ ูุฑุฌู ุงูุฅูุถูุงู ูููุงุชูุง ุนูู ุงููุงุชุณ ุงุจ 

https://whatsapp.com/channel/0029Va8QJ7K0LKZK9wKGBS0P",data/5445_photo.jpg
5444,2025-01-25 03:38:51+00:00,-1001884225733,ูุณุงุชูู ุจูุงุชู ุฌุฏูุฏ ุดูุงู ูููู,data/5444_photo.jpg
5443,2025-01-25 03:38:03+00:00,-1001884225733,"ุงุทูู ุจูุงุชู ููุฏู ูุทุนุชูู ุฑุงูู ุณุนุฑ ุงูุทูู ุจ 2200 ุฑูุงู ููุท๐ฅ๐ฅ๐ฅ

ููุชูุงุตู ูุทูุจ ุงูุดุฑุงุก: 

ูุฑุฌู ุงูุชูุงุตู ูุน ูุณุคู ุงููุจูุนุงุช ุนูู ุงูุฑูู ุงูุชุงูู 
+967739817442


ููุดุงูุฏุฉ ุฌููุน ุงูุนุฑูุถ ุงูุณุงุจูุฉ ูุฑุฌู ุงูุฅูุถูุงู ูููุงุชูุง ุนูู ุงููุงุชุณ ุงุจ 

https://whatsapp.com/channel/0029Va8QJ7K0LKZK9wKGBS0P",data/5443_photo.jpg
5442,2025-01-25 00:44:32+00:00,-1001884225733,,data/5442_photo.jpg
5441,2025-01-25 00:44:32+00:00,-1001884225733,,data/5441_photo.jpg
5440,2025-01-25 00:44:32+00:00,-1001884225733,"ุจูุงูุฒ ุจูุงุชู ุจุฏูู ููููู ููุตุต 
ุตุบูุฑ ูกูขูฅูู๐ฅ๐ฅ
ูุณุทูกูฃูฅูู๐ฅ๐ฅ
ุดุจุงุจู ูกูคูฅูู๐ฅ๐ฅ
ูููููุงุช ูกูข/ูกูฃ/ูกูค๐ฅ๐ฅ

ููุชูุงุตู ูุทูุจ ุงูุดุฑุงุก: 

ูุฑุฌู ุงูุชูุงุตู ูุน ูุณุคู ุงููุจูุนุงุช ุนูู ุงูุฑูู ุงูุชุงูู 
+967739817442

ููุดุงูุฏุฉ ุฌููุน ุงูุนุฑูุถ ุงูุณุงุจูุฉ ูุฑุฌู ุงูุฅูุถูุงู ูููุงุชูุง ุนูู ุงููุงุชุณ ุงุจ 

https://whatsapp.com/channel/0029Va8QJ7K0LKZK9wKGBS0P",data/5440_photo.jpg
5439,2025-01-25 00:43:51+00:00,-1001884225733,,data/5439_photo.jpg
5438,2025-01-25 00:43:51+00:00,-1001884225733,,data/5438_photo.jpg
5437,2025-01-25 00:43:51+00:00,-1001884225733,"ุจูุงูุฒ ุจูุงุชู ุงุจู ููููุฉ ููุตุต ูุทู ุงูุงุตูู ุจุถุงุนู ุนูุฏ 
ุตุบูุฑ ูกูฃูฅูู๐ฅ๐ฅ
ูุณุท ูกูคูฅูู๐ฅ๐ฅ
ุดุจุงุจู ูกูฅูฅูู๐ฅ๐ฅ
ููููููุงุช ูกูฃ/ูกูค/ูกูฅ๐ฅ๐ฅ

ููุชูุงุตู ูุทูุจ ุงูุดุฑุงุก: 

ูุฑุฌู ุงูุชูุงุตู ูุน ูุณุคู ุงููุจูุนุงุช ุนูู ุงูุฑูู ุงูุชุงูู 
+967739817442


ููุดุงูุฏุฉ ุฌููุน ุงูุนุฑูุถ ุงูุณุงุจูุฉ ูุฑุฌู ุงูุฅูุถูุงู ูููุงุชูุง ุนูู ุงููุงุชุณ ุงุจ 

https://whatsapp.com/channel/0029Va8QJ7K0LKZK9wKGBS0P",data/5437_photo.jpg
5436,2025-01-25 00:40:09+00:00,-1001884225733,"ุดุฑุงุจุงุช ุฑุฌุงููุฉ ููู ุงุจูุถ  ูู ุฏุฑุฒู ูุฌู ุฏุงุฎู ุจุงูุช ุณุนุฑ ุงูุฏุฑุฒู 750 ุฑูุงู ููุท๐ฅ ๐ซก
ููููููุงุช ุงุณุนุงุฑ ุฎุงุตุฉ๐ฅ
ูุทูุจ ูุฑุฌู ุงูุชูุงุตู ูุน ูุณุคู ุงููุจูุนุงุช ุนูู ุงูุฑูู ุงูุชุงูู +967739817442

ููุดุงูุฏุฉ ุฌููุน ุงูุนุฑูุถ ุงูุณุงุจูุฉ ูุฑุฌู ุงูุฅูุถูุงู ูููุงุชูุง ุนูู ุงููุงุชุณ ุงุจ 

https://whatsapp.com/channel/0029Va8QJ7K0LKZK9wKGBS0P",data/5436_photo.jpg
5435,2025-01-25 00:39:39+00:00,-1001884225733,,data/5435_photo.jpg
5434,2025-01-25 00:39:39+00:00,-1001884225733,,data/5434_photo.jpg
5433,2025-01-25 00:39:39+00:00,-1001884225733,,data/5433_photo.jpg
5432,2025-01-25 00:39:39+00:00,-1001884225733,,data/5432_photo.jpg
5431,2025-01-25 00:39:39+00:00,-1001884225733,,data/5431_photo.jpg
5430,2025-01-25 00:39:39+00:00,-1001884225733,"ุดุฑุงุจุงุช ุดุจู ุญุฑููู ูุณูุณุณ ุจุถุงุนู ููุณ ูู ูจูู ุงูุฏุฑุฒู ููููููุงุช ุณุนุฑ ุฎุงุต๐ฅ๐ฅ๐ฅ๐ฅ

ููุชูุงุตู ูุทูุจ ุงูุดุฑุงุก: 

ูุฑุฌู ุงูุชูุงุตู ูุน ูุณุคู ุงููุจูุนุงุช ุนูู ุงูุฑูู ุงูุชุงูู 
+967739817442

ููุดุงูุฏุฉ ุฌููุน ุงูุนุฑูุถ ุงูุณุงุจูุฉ ูุฑุฌู ุงูุฅูุถูุงู ูููุงุชูุง ุนูู ุงููุงุชุณ ุงุจ 

https://whatsapp.com/channel/0029Va8QJ7K0LKZK9wKGBS0P",data/5430_photo.jpg
5429,2025-01-25 00:12:41+00:00,-1001884225733,,data/5429_photo.jpg
5428,2025-01-25 00:12:40+00:00,-1001884225733,,data/5428_photo.jpg
5427,2025-01-25 00:12:40+00:00,-1001884225733,,data/5427_photo.jpg
5426,2025-01-25 00:12:40+00:00,-1001884225733,,data/5426_photo.jpg
5425,2025-01-25 00:12:40+00:00,-1001884225733,"ุนุฑุฑุฑุฑุฑุทุฉ 
ูุฑุงููุด ุงุทูุงู ุจุถุงุนุฉ ูููุณ ูุจุณุนุฑ ูุณููููุณ ุณุนุฑ ุงูุฏุฑุฒู ุจ 1900 ุฑูุงู ู ุงูู ูุดุชู ุฃูุซุฑ ูู 10 ุฏุฑุฒู ูุงูู ูุดุชู ุจุงูุฏุฑุฒู ูู 2200 ุฑูุงู ููุท๐ฅ

ููุชูุงุตู ูุทูุจ ุงูุดุฑุงุก: 

ูุฑุฌู ุงูุชูุงุตู ูุน ูุณุคู ุงููุจูุนุงุช ุนูู ุงูุฑูู ุงูุชุงูู 
+967739817442

ููุดุงูุฏุฉ ุฌููุน ุงูุนุฑูุถ ุงูุณุงุจูุฉ ูุฑุฌู ุงูุฅูุถูุงู ูููุงุชูุง ุนูู ุงููุงุชุณ ุงุจ 

https://whatsapp.com/channel/0029Va8QJ7K0LKZK9wKGBS0P",data/5425_photo.jpg
5424,2025-01-25 00:07:50+00:00,-1001884225733,,data/5424_photo.jpg
5423,2025-01-25 00:07:50+00:00,-1001884225733,,data/5423_photo.jpg
5422,2025-01-25 00:07:50+00:00,-1001884225733,,data/5422_photo.jpg
5421,2025-01-25 00:07:50+00:00,-1001884225733,,data/5421_photo.jpg
5420,2025-01-25 00:07:50+00:00,-1001884225733,,data/5420_photo.jpg
5419,2025-01-25 00:07:50+00:00,-1001884225733,"ุดุฑุงุจุงุช ูุณุงุฆู  ุฐูุจ ุนุฏุฉ ููุฏููุงุช ูุฑุณูุงุช ูู ููุฏูู ุงุญูู ูู ุงูุซุงูู ุณุนุฑ ุงูุฏุฑุฒู ุจ 1350 ุฑูุงู ููุท๐ฅ๐ฅ ููููููุงุช ุงุณุนุงุฑ ุฎุงุตุฉ๐ฅ
ูุง ุชุบูู ูุฅู ุงููู ูุฑุงู๐น

ููุชูุงุตู ูุทูุจ ุงูุดุฑุงุก: 

ูุฑุฌู ุงูุชูุงุตู ูุน ูุณุคู ุงููุจูุนุงุช ุนูู ุงูุฑูู ุงูุชุงูู 
+967739817442

ููุดุงูุฏุฉ ุฌููุน ุงูุนุฑูุถ ุงูุณุงุจูุฉ ูุฑุฌู ุงูุฅูุถูุงู ูููุงุชูุง ุนูู ุงููุงุชุณ ุงุจ 

https://whatsapp.com/channel/0029Va8QJ7K0LKZK9wKGBS0P",data/5419_photo.jpg
5418,2025-01-24 23:50:59+00:00,-1001884225733,"ุงุทูู ุจูุงุชู ููุฏู ุฌูุฒ ุณุนุฑ ุงูุทูู ูู 2700 ุฑูุงู ููุท๐ฅ๐ฅ๐ฅ

ููุชูุงุตู ูุทูุจ ุงูุดุฑุงุก: 

ูุฑุฌู ุงูุชูุงุตู ูุน ูุณุคู ุงููุจูุนุงุช ุนูู ุงูุฑูู ุงูุชุงูู 
+967739817442


ููุดุงูุฏุฉ ุฌููุน ุงูุนุฑูุถ ุงูุณุงุจูุฉ ูุฑุฌู ุงูุฅูุถูุงู ูููุงุชูุง ุนูู ุงููุงุชุณ ุงุจ 

https://whatsapp.com/channel/0029Va8QJ7K0LKZK9wKGBS0P",data/5418_photo.jpg
5416,2025-01-24 23:47:37+00:00,-1001884225733,"ูุณุงุชูู ุจูุงุชู ููุฏู ุฌูุฒ ุฑุงูู ุฌูุงูุณู ููุงุณุงุช ูู 20 ุฅูู 30 ุณุนุฑ ุงููุทุนุฉ ูู 3800 ุฑูุงู ููุท๐ฅ๐ฅ๐ฅ

ููุชูุงุตู ูุทูุจ ุงูุดุฑุงุก: 

ูุฑุฌู ุงูุชูุงุตู ูุน ูุณุคู ุงููุจูุนุงุช ุนูู ุงูุฑูู ุงูุชุงูู 
+967739817442


ููุดุงูุฏุฉ ุฌููุน ุงูุนุฑูุถ ุงูุณุงุจูุฉ ูุฑุฌู ุงูุฅูุถูุงู ูููุงุชูุง ุนูู ุงููุงุชุณ ุงุจ 

https://whatsapp.com/channel/0029Va8QJ7K0LKZK9wKGBS0P",data/5416_photo.jpg
5415,2025-01-24 23:40:56+00:00,-1001884225733,,data/5415_photo.jpg
5414,2025-01-24 23:40:56+00:00,-1001884225733,,data/5414_photo.jpg
5413,2025-01-24 23:40:56+00:00,-1001884225733,"ุงุทูู ููุงุฏู ููุฏู ูุทุนุชูู 3 ููุฏููุงุช ูู ููุฏูู ุงุญูู ูู ุงูุซุงูู ุณุนุฑ ุงูุทูู ูู 1700 ุฑูุงู ููุท๐ฅ๐ฅ๐ฅ

ููุชูุงุตู ูุทูุจ ุงูุดุฑุงุก: 

ูุฑุฌู ุงูุชูุงุตู ูุน ูุณุคู ุงููุจูุนุงุช ุนูู ุงูุฑูู ุงูุชุงูู 
+967739817442


ููุดุงูุฏุฉ ุฌููุน ุงูุนุฑูุถ ุงูุณุงุจูุฉ ูุฑุฌู ุงูุฅูุถูุงู ูููุงุชูุง ุนูู ุงููุงุชุณ ุงุจ 

https://whatsapp.com/channel/0029Va8QJ7K0LKZK9wKGBS0P",data/5413_photo.jpg
5412,2025-01-24 23:06:56+00:00,-1001884225733,,data/5412_photo.jpg
5411,2025-01-24 23:06:56+00:00,-1001884225733,"ุชุฑูุฌุงุช ุฑุฌุงูู ูุฑู ูุจุทู ุงูุฃุตูู ููุนูุฉ ููุชุงุฒุฉ ุณุนุฑ ุงูุฏุฑุฒู ุจ 11700 ุฑูุงู ููุท๐ฅ๐ฅ๐ฅ๐ฅ
ุฎูู ุงูุดุนุจ ููุจุณ๐ฅ
ููุชูุงุตู ูุทูุจ ุงูุดุฑุงุก: 

ูุฑุฌู ุงูุชูุงุตู ูุน ูุณุคู ุงููุจูุนุงุช ุนูู ุงูุฑูู ุงูุชุงูู 
+967739817442

ููุดุงูุฏุฉ ุฌููุน ุงูุนุฑูุถ ุงูุณุงุจูุฉ ูุฑุฌู ุงูุฅูุถูุงู ูููุงุชูุง ุนูู ุงููุงุชุณ ุงุจ 

https://whatsapp.com/channel/0029Va8QJ7K0LKZK9wKGBS0P",data/5411_photo.jpg
5410,2025-01-24 23:04:45+00:00,-1001884225733,"ุชุฑูุฌุงุช ุฑุฌุงูู
ุณุนุฑ ุงูุฏุฑุฒู ุจ 5800 ุฑูุงู ููุท๐ฅ ููููููุงุช ุณุนุฑ ุฎุงุต๐ฅ๐ฅ๐ฅ

ููุชูุงุตู ูุทูุจ ุงูุดุฑุงุก: 

ูุฑุฌู ุงูุชูุงุตู ูุน ูุณุคู ุงููุจูุนุงุช ุนูู ุงูุฑูู ุงูุชุงูู 
+967739817442

ููุดุงูุฏุฉ ุฌููุน ุงูุนุฑูุถ ุงูุณุงุจูุฉ ูุฑุฌู ุงูุฅูุถูุงู ูููุงุชูุง ุนูู ุงููุงุชุณ ุงุจ 

https://whatsapp.com/channel/0029Va8QJ7K0LKZK9wKGBS0P",data/5410_photo.jpg
5408,2025-01-24 22:51:48+00:00,-1001884225733,"ุณุฑุงููู ูุณุงุฆู ุธูุงุบุท ูุฑู ุงุณูุฏ ููููู ุณุนุฑ ุงูุฏุฑุฒู ุจ 4900 ุฑูุงู ู ุงูู ูุดุชู ุจุงูุทุฑุฏ ูุงูู ูุดุชู ุจุงูุฏุฑุฒู ูู 5200 ุฑูุงู ููุท๐ฅ๐ฅ๐ฅ
ููุชูุงุตู ูุทูุจ ุงูุดุฑุงุก: 

ูุฑุฌู ุงูุชูุงุตู ูุน ูุณุคู ุงููุจูุนุงุช ุนูู ุงูุฑูู ุงูุชุงูู 
+967739817442


ููุดุงูุฏุฉ ุฌููุน ุงูุนุฑูุถ ุงูุณุงุจูุฉ ูุฑุฌู ุงูุฅูุถูุงู ูููุงุชูุง ุนูู ุงููุงุชุณ ุงุจ 

https://whatsapp.com/channel/0029Va8QJ7K0LKZK9wKGBS0P",data/5408_photo.jpg
5407,2025-01-24 21:11:28+00:00,-1001884225733,,data/5407_photo.jpg
5406,2025-01-24 21:11:28+00:00,-1001884225733,,data/5406_photo.jpg
5405,2025-01-24 21:11:28+00:00,-1001884225733,,data/5405_photo.jpg
5404,2025-01-24 21:11:22+00:00,-1001884225733,,data/5404_photo.jpg
5403,2025-01-24 21:11:22+00:00,-1001884225733,,data/5403_photo.jpg
5402,2025-01-24 21:11:22+00:00,-1001884225733,,data/5402_photo.jpg
5401,2025-01-24 21:11:22+00:00,-1001884225733,,data/5401_photo.jpg
5400,2025-01-24 21:11:22+00:00,-1001884225733,,data/5400_photo.jpg
5399,2025-01-24 21:11:22+00:00,-1001884225733,,data/5399_photo.jpg
5398,2025-01-24 21:11:22+00:00,-1001884225733,,data/5398_photo.jpg
5397,2025-01-24 21:11:22+00:00,-1001884225733,,data/5397_photo.jpg
5396,2025-01-24 21:11:22+00:00,-1001884225733,,data/5396_photo.jpg
5395,2025-01-24 21:11:22+00:00,-1001884225733,"ุจููุณุฑุงุช ูุณุงุฆู ุณุจุนุฉ ุฎุงูุฉ ููุชุงุฒุฉ ุฌุฏุข ูุฑุณูุงุช ุฑูุนุฉ ุณุนุฑ ุงูุฏุฑุฒู ุจ 2200 ุฑูุงู ู ุงูู ูุดุชู ุฃูุซุฑ ูู 20 ุฏุฑุฒู ูุงูู ูุดุชู ุจุงูุฏุฑุฒู ูู 2400 ุฑูุงู๐ฅ๐ฅ๐ฅ

ููุชูุงุตู ูุทูุจ ุงูุดุฑุงุก: 

ูุฑุฌู ุงูุชูุงุตู ูุน ูุณุคู ุงููุจูุนุงุช ุนูู ุงูุฑูู ุงูุชุงูู 
+967739817442


ููุดุงูุฏุฉ ุฌููุน ุงูุนุฑูุถ ุงูุณุงุจูุฉ ูุฑุฌู ุงูุฅูุถูุงู ูููุงุชูุง ุนูู ุงููุงุชุณ ุงุจ 

https://whatsapp.com/channel/0029Va8QJ7K0LKZK9wKGBS0P",data/5395_photo.jpg
5394,2025-01-24 20:55:36+00:00,-1001884225733,,data/5394_photo.jpg
5393,2025-01-24 20:55:36+00:00,-1001884225733,,data/5393_photo.jpg
5392,2025-01-24 20:55:36+00:00,-1001884225733,,data/5392_photo.jpg
5391,2025-01-24 20:55:36+00:00,-1001884225733,"ุงูุฌุฏูุฏ ูุตู 
ุณุฑุงููู ูุณุงุฆู ุนุฑูุถ ุฎุงูุฉ ุฐูุจ ูุฃููุงู ุฑุงุฆุนุฉ ุชููุจ ุงูุฃูุซุฑ ุทูุจุข ูู ุงูุณูู ููุฏููุงุช ูุฑุณูุงุช ุญุตุฑูุฉ ุงูุชุณุญุฉ ุงูุณูู ุจููุฉ๐ฅ
ุณุนุฑ ุงูุฏุฑุฒู ุจ 4800 ุฑูุงู ู ุงูู ูุดุชู ุจุงูุทุฑุฏ ูุงูู ูุดุชู ุจุงูุฏุฑุฒู ูู 5 ุงูู๐ฅ๐ฅ๐ฅ๐ฅ
ููุชูุงุตู ูุทูุจ ุงูุดุฑุงุก: 

ูุฑุฌู ุงูุชูุงุตู ูุน ูุณุคู ุงููุจูุนุงุช ุนูู ุงูุฑูู ุงูุชุงูู 
+967739817442

ููุดุงูุฏุฉ ุฌููุน ุงูุนุฑูุถ ุงูุณุงุจูุฉ ูุฑุฌู ุงูุฅูุถูุงู ูููุงุชูุง ุนูู ุงููุงุชุณ ุงุจ 

https://whatsapp.com/channel/0029Va8QJ7K0LKZK9wKGBS0P",data/5391_photo.jpg
5390,2025-01-24 18:36:06+00:00,-1001884225733,"ุจูููุฑุงุช ููุงุฏู ูุฎูู ูุจุณุนุฑ ูุณููููุณ ุณุนุฑ ุงูุฏุฑุฒู ุจ 5500 ุฑูุงู ููุท๐ฅ๐ฅ๐ฅ

ููุชูุงุตู ูุทูุจ ุงูุดุฑุงุก: 

ูุฑุฌู ุงูุชูุงุตู ูุน ูุณุคู ุงููุจูุนุงุช ุนูู ุงูุฑูู ุงูุชุงูู 
+967739817442


ููุดุงูุฏุฉ ุฌููุน ุงูุนุฑูุถ ุงูุณุงุจูุฉ ูุฑุฌู ุงูุฅูุถูุงู ูููุงุชูุง ุนูู ุงููุงุชุณ ุงุจ 

https://whatsapp.com/channel/0029Va8QJ7K0LKZK9wKGBS0P",data/5390_photo.jpg
5389,2025-01-24 18:18:42+00:00,-1001884225733,"ุจูุงุทูู ุฌูุฒ ูุณุงุฆู ุนุฑุฑุฑุฑุฑุฑุทุฉ ุฎุงูุฉ ููุชุงุฒุฉ ูููุงุณุงุช ูู 32 ุฅูู 36 ุณุนุฑ ุงูุฏุฑุฒู ุจ 24 ุงูู ุฑูุงู ููุท๐ฅ๐ฅ๐ฅ
ุฎูู ุงูุดุนุจ ููุจุณ

ููุชูุงุตู ูุทูุจ ุงูุดุฑุงุก: 

ูุฑุฌู ุงูุชูุงุตู ูุน ูุณุคู ุงููุจูุนุงุช ุนูู ุงูุฑูู ุงูุชุงูู 
+967739817442


ููุดุงูุฏุฉ ุฌููุน ุงูุนุฑูุถ ุงูุณุงุจูุฉ ูุฑุฌู ุงูุฅูุถูุงู ูููุงุชูุง ุนูู ุงููุงุชุณ ุงุจ 

https://whatsapp.com/channel/0029Va8QJ7K0LKZK9wKGBS0P",data/5389_photo.jpg
5388,2025-01-24 18:14:29+00:00,-1001884225733,,data/5388_photo.jpg
5387,2025-01-24 18:14:29+00:00,-1001884225733,,data/5387_photo.jpg
5386,2025-01-24 18:14:29+00:00,-1001884225733,"ุจูุงูุฒ ูุณุงุฆู ููุถุฉ ุฑุงูู ุณุนุฑ ุงูุฏุฑุฒู ุจ 5500 ุฑูุงู ููุท๐ฅ๐ฅ๐ฅ

ููุชูุงุตู ูุทูุจ ุงูุดุฑุงุก: 

ูุฑุฌู ุงูุชูุงุตู ูุน ูุณุคู ุงููุจูุนุงุช ุนูู ุงูุฑูู ุงูุชุงูู 
+967739817442


ููุดุงูุฏุฉ ุฌููุน ุงูุนุฑูุถ ุงูุณุงุจูุฉ ูุฑุฌู ุงูุฅูุถูุงู ูููุงุชูุง ุนูู ุงููุงุชุณ ุงุจ 

https://whatsapp.com/channel/0029Va8QJ7K0LKZK9wKGBS0P",data/5386_photo.jpg
5385,2025-01-24 17:53:05+00:00,-1001884225733,"ุตุฏุฑูุงุช ูุณุงุฆู ุฌูุงูุณู ุณุนุฑ ุงูุฏุฑุฒู ุจ 5200 ู ุงูู ูุดุชู ุจุงูุทุฑุฏ ูุงูู ูุดุชู ุจุงูุฏุฑุฒู ูู 5500 ุฑูุงู ููุท๐ฅ๐ฅ๐ฅ

ููุชูุงุตู ูุทูุจ ุงูุดุฑุงุก: 

ูุฑุฌู ุงูุชูุงุตู ูุน ูุณุคู ุงููุจูุนุงุช ุนูู ุงูุฑูู ุงูุชุงูู 
+967739817442


ููุดุงูุฏุฉ ุฌููุน ุงูุนุฑูุถ ุงูุณุงุจูุฉ ูุฑุฌู ุงูุฅูุถูุงู ูููุงุชูุง ุนูู ุงููุงุชุณ ุงุจ 

https://whatsapp.com/channel/0029Va8QJ7K0LKZK9wKGBS0P",data/5385_photo.jpg
5384,2025-01-24 17:48:14+00:00,-1001884225733,,data/5384_photo.jpg
5383,2025-01-24 17:48:14+00:00,-1001884225733,,data/5383_photo.jpg
5382,2025-01-24 17:48:14+00:00,-1001884225733,,data/5382_photo.jpg
5381,2025-01-24 17:48:14+00:00,-1001884225733,"ุฏุฑูุน ูุณุงุฆู ุญุฑูุฑ ูุทุฑุฒ ุนูู ุชุฑุชุฑ ุฑูุถุงุงุงุงูู ูู ุงููุนุฏูู ุณุนุฑ ุงูููุฑุฌุฉ ุจ ููุท ูุง ุบูุฑ๐ฅ๐ฅ๐ฅ

ููุชูุงุตู ูุทูุจ ุงูุดุฑุงุก: 

ูุฑุฌู ุงูุชูุงุตู ูุน ูุณุคู ุงููุจูุนุงุช ุนูู ุงูุฑูู ุงูุชุงูู 
+967739817442


ููุดุงูุฏุฉ ุฌููุน ุงูุนุฑูุถ ุงูุณุงุจูุฉ ูุฑุฌู ุงูุฅูุถูุงู ูููุงุชูุง ุนูู ุงููุงุชุณ ุงุจ 

https://whatsapp.com/channel/0029Va8QJ7K0LKZK9wKGBS0P",data/5381_photo.jpg
5380,2025-01-24 17:29:28+00:00,-1001884225733,,data/5380_photo.jpg
5379,2025-01-24 17:29:28+00:00,-1001884225733,,data/5379_photo.jpg
5378,2025-01-24 17:29:28+00:00,-1001884225733,,data/5378_photo.jpg
5377,2025-01-24 17:29:28+00:00,-1001884225733,,data/5377_photo.jpg
5376,2025-01-24 17:29:28+00:00,-1001884225733,,data/5376_photo.jpg
5375,2025-01-24 17:29:28+00:00,-1001884225733,,data/5375_photo.jpg
5374,2025-01-24 17:29:28+00:00,-1001884225733,,data/5374_photo.jpg
5373,2025-01-24 17:29:28+00:00,-1001884225733,"ูุนุงูุฒ ุฑุฌุงูู ุจุงุญุดูุงู ูุฒุฌุงุช ุงูุงุตููููููููููููู ูุฑุณูุงุช ุฌุฏูุฏุฉ ูุจุงูู ุฑุณูุงุช ุฎูุฑุงุช ุณุนุฑ ุงูููุฑุฌุฉ ุจ 21 ุงูู ู ุงูู ูุดุชู ุฃูุซุฑ ูู 10 ููุงุฑุฌ ูุงูู ูุดุชู ุจุงูููุฑุฌุฉ ูู 22 ุงูู ููุท๐๐ฅ๐ฅ๐ฅ

ููุชูุงุตู ูุทูุจ ุงูุดุฑุงุก: 

ูุฑุฌู ุงูุชูุงุตู ูุน ูุณุคู ุงููุจูุนุงุช ุนูู ุงูุฑูู ุงูุชุงูู 
+967739817442

ููุดุงูุฏุฉ ุฌููุน ุงูุนุฑูุถ ุงูุณุงุจูุฉ ูุฑุฌู ุงูุฅูุถูุงู ูููุงุชูุง ุนูู ุงููุงุชุณ ุงุจ 

https://whatsapp.com/channel/0029Va8QJ7K0LKZK9wKGBS0P",data/5373_photo.jpg
5372,2025-01-24 17:24:31+00:00,-1001884225733,,data/5372_photo.jpg
5371,2025-01-24 17:24:31+00:00,-1001884225733,,data/5371_photo.jpg
5370,2025-01-24 17:24:31+00:00,-1001884225733,,data/5370_photo.jpg
5369,2025-01-24 17:24:31+00:00,-1001884225733,"ุนุฑุฑุฑุทุฉ ุงูููู ูุดุบู ูุนูู ุฑุงูู๐ฅ 
ุฏุฑูุน ูุณุงุฆู ุญุฑูุฑ ุชูุตูู ุนุฑูุถ ุณุนุฑ ุงูููุฑุฌุฉ ุจ 18 ุงูู ููุท๐ ู ุงูู ูุดุชู ุฃูุซุฑ ูู 5 ููุงุฑุฌ ูุงูู ูุดุชู ุจุงูููุฑุฌุฉ ูู 20 ุงูู ุฑูุงู๐ฅ๐ฅ๐ฅ๐ฅ๐ฅ

ููุชูุงุตู ูุทูุจ ุงูุดุฑุงุก: 

ูุฑุฌู ุงูุชูุงุตู ูุน ูุณุคู ุงููุจูุนุงุช ุนูู ุงูุฑูู ุงูุชุงูู 
+967739817442


ููุดุงูุฏุฉ ุฌููุน ุงูุนุฑูุถ ุงูุณุงุจูุฉ ูุฑุฌู ุงูุฅูุถูุงู ูููุงุชูุง ุนูู ุงููุงุชุณ ุงุจ 

https://whatsapp.com/channel/0029Va8QJ7K0LKZK9wKGBS0P",data/5369_photo.jpg
5368,2025-01-21 01:06:51+00:00,-1001884225733,,data/5368_photo.jpg
5367,2025-01-21 01:06:51+00:00,-1001884225733,,data/5367_photo.jpg
5366,2025-01-21 01:06:51+00:00,-1001884225733,,data/5366_photo.jpg
5365,2025-01-21 01:06:51+00:00,-1001884225733,,data/5365_photo.jpg
5364,2025-01-21 01:06:51+00:00,-1001884225733,"ุนุฑุฑุฑุฑุฑุทุฉ๐ฅ๐ฅ๐ฅ
ูุงุชู ZTE ููุงูุฉ ุจุถูุงู ุณูู ูุงููู ูุฏุนู ูุงููุฑุง ู ุจููุชูุซ ู ุจุทุงูุฉ ุฐุงูุฑุฉ ุฎุงุฑุฌูู ู ูุดุบู ุงู ุจู ุซุฑู 
ู ุจุทุงุฑูู ุฎุงุฑูู ุจููุฉ 720 ููู ุงูุจูุฑ ูุฏุนู ุดุฑูุญุฉ YOU ุงู ุชู ุงู ููุท ูุจุณุนุฑ ูุณูุณ ุงููุณูุณ ุณุนุฑ ุงููุงุชู ุจูขูฉูู ุฑูุงู ูุฏูู ููุท๐ฅ๐ฅ๐ฅ ุงููููุน ูู ุชุนุฒ ูููุฌุฏ ุชูุตูู ุฅูู ุฌููุน ุงููุญุงูุธุงุช ุนุจุฑ ููุงุชุจ ุงูููู๐ซก

ููุทูุจ ูุฑุฌู ุงูุชูุงุตู ูุน ูุญูุงุช ุงูุญุงุดุฏู ููุฌูุงูุงุช 780341777 700023145",data/5364_photo.jpg
5363,2025-01-21 01:06:31+00:00,-1001884225733,"ุจุฌุงุฆู ูุณุงุฆู ูููุท ูุทู ููุชุงุฒ  ูุถูุงุถ ููุถุฉ ุณุนุฑ ุงูุฏุฑุฒู ุจ 9 ุงูู ุฑูุงู ููุท๐ฅ

ููุชูุงุตู ูุทูุจ ุงูุดุฑุงุก: 

ูุฑุฌู ุงูุชูุงุตู ูุน ูุณุคู ุงููุจูุนุงุช ุนูู ุงูุฑูู ุงูุชุงูู 
+967739817442


ููุดุงูุฏุฉ ุฌููุน ุงูุนุฑูุถ ุงูุณุงุจูุฉ ูุฑุฌู ุงูุฅูุถูุงู ูููุงุชูุง ุนูู ุงููุงุชุณ ุงุจ 

https://whatsapp.com/channel/0029Va8QJ7K0LKZK9wKGBS0P",data/5363_photo.jpg
5362,2025-01-21 01:06:15+00:00,-1001884225733,,data/5362_photo.jpg
5361,2025-01-21 01:06:15+00:00,-1001884225733,"ูููู ููุณ ุฑุฌุงูู ููุณุงุฆู ุดุชูู ุญู ุงูุจุฑุฏ ูุงู ูุงู ูุจุณุนุฑ ูุณูููุณ ุณุนุฑ ุงูุฏุฑุฒู ุจ 2800 ุฑูุงู ููุท๐ฅ๐ฅ๐ฅ
ุฎูู ุงูุดุนุจ ููุจุณ๐ซก
ููุชูุงุตู ูุทูุจ ุงูุดุฑุงุก: 

ูุฑุฌู ุงูุชูุงุตู ูุน ูุณุคู ุงููุจูุนุงุช ุนูู ุงูุฑูู ุงูุชุงูู 
+967739817442


ููุดุงูุฏุฉ ุฌููุน ุงูุนุฑูุถ ุงูุณุงุจูุฉ ูุฑุฌู ุงูุฅูุถูุงู ูููุงุชูุง ุนูู ุงููุงุชุณ ุงุจ 

https://whatsapp.com/channel/0029Va8QJ7K0LKZK9wKGBS0P",data/5361_photo.jpg
5360,2025-01-21 01:05:32+00:00,-1001884225733,"ูููู ุฑุฌุงูู ุฌุฏูุฏ ููููุฎ ูุจุณุนุฑ ูุณูููุณ ุณุนุฑ ุงูุฏุฑุฒู ุจ 4200 ุฑูุงู ููุท๐ฅ๐ฅ๐ฅ
ุฎูู ุงูุดุนุจ ููุจุณ๐ซก

ููุชูุงุตู ูุทูุจ ุงูุดุฑุงุก: 

ูุฑุฌู ุงูุชูุงุตู ูุน ูุณุคู ุงููุจูุนุงุช ุนูู ุงูุฑูู ุงูุชุงูู 
+967739817442


ููุดุงูุฏุฉ ุฌููุน ุงูุนุฑูุถ ุงูุณุงุจูุฉ ูุฑุฌู ุงูุฅูุถูุงู ูููุงุชูุง ุนูู ุงููุงุชุณ ุงุจ 

https://whatsapp.com/channel/0029Va8QJ7K0LKZK9wKGBS0P",data/5360_photo.jpg
5359,2025-01-21 01:05:00+00:00,-1001884225733,,data/5359_photo.jpg
5358,2025-01-21 01:05:00+00:00,-1001884225733,,data/5358_photo.jpg
5357,2025-01-21 01:05:00+00:00,-1001884225733,,data/5357_photo.jpg
5356,2025-01-21 01:05:00+00:00,-1001884225733,"ุจุงูุณุนุฑ ุงูุฌุฏูุฏ๐ฅ๐ฅ๐ฅ
ุทููููุงุช ุดูุฑุช ุจูุจู ูุนูุฑ ุณูุชูู ุณุนุฑ ุงูุฏุฑุฒู ุจ ูกููฅูู ุฑูุงู๐ฅ๐ฅ๐ฅ
ููููููุงุช ุงุณุนุงุฑ ุฎุงุตุฉ๐ฅ

ููุชูุงุตู ูุทูุจ ุงูุดุฑุงุก: 

ูุฑุฌู ุงูุชูุงุตู ูุน ูุณุคู ุงููุจูุนุงุช ุนูู ุงูุฑูู ุงูุชุงูู 
+967739817442


ููุดุงูุฏุฉ ุฌููุน ุงูุนุฑูุถ ุงูุณุงุจูุฉ ูุฑุฌู ุงูุฅูุถูุงู ูููุงุชูุง ุนูู ุงููุงุชุณ ุงุจ 

https://whatsapp.com/channel/0029Va8QJ7K0LKZK9wKGBS0P",data/5356_photo.jpg
5355,2025-01-21 01:03:07+00:00,-1001884225733,,data/5355_photo.jpg
5354,2025-01-21 01:02:29+00:00,-1001884225733,"ุจูุงูุฒ ุจูุงุชู ุฑุงุงุงุงูู ุจุณุนุฑ ูุณูุณ๐ฅ๐ฅ๐ฅ

ููุชูุงุตู ูุทูุจ ุงูุดุฑุงุก: 

ูุฑุฌู ุงูุชูุงุตู ูุน ูุณุคู ุงููุจูุนุงุช ุนูู ุงูุฑูู ุงูุชุงูู 
+967739817442


ููุดุงูุฏุฉ ุฌููุน ุงูุนุฑูุถ ุงูุณุงุจูุฉ ูุฑุฌู ุงูุฅูุถูุงู ูููุงุชูุง ุนูู ุงููุงุชุณ ุงุจ 

https://whatsapp.com/channel/0029Va8QJ7K0LKZK9wKGBS0P",data/5354_photo.jpg
5353,2025-01-21 01:02:05+00:00,-1001884225733,,data/5353_photo.jpg
5352,2025-01-21 01:02:05+00:00,-1001884225733,,data/5352_photo.jpg
5351,2025-01-21 01:02:05+00:00,-1001884225733,,data/5351_photo.jpg
5350,2025-01-21 01:02:05+00:00,-1001884225733,,data/5350_photo.jpg
5349,2025-01-21 01:02:05+00:00,-1001884225733,"ูุณุงุชูู ุจูุงุชู ุฏุงูุชูู ูู ุงูุญุงูู ูุจุณุนุฑ ุญุงูู๐ฅ๐ฅ๐ฅ๐ฅ

ููุชูุงุตู ูุทูุจ ุงูุดุฑุงุก: 

ูุฑุฌู ุงูุชูุงุตู ูุน ูุณุคู ุงููุจูุนุงุช ุนูู ุงูุฑูู ุงูุชุงูู 
+967739817442


ููุดุงูุฏุฉ ุฌููุน ุงูุนุฑูุถ ุงูุณุงุจูุฉ ูุฑุฌู ุงูุฅูุถูุงู ูููุงุชูุง ุนูู ุงููุงุชุณ ุงุจ 

https://whatsapp.com/channel/0029Va8QJ7K0LKZK9wKGBS0P",data/5349_photo.jpg
5348,2025-01-21 01:00:43+00:00,-1001884225733,"ุจูุงูุฒ ุจูุงุชู ุฑูุจุฉ ููุงุณุงุช ูู 110 ุฅูู 160 ุจุณุนุฑ 9500 ุฑูุงู ู ุงูุฏุฑุฒู๐ฅ

ููุชูุงุตู ูุทูุจ ุงูุดุฑุงุก: 

ูุฑุฌู ุงูุชูุงุตู ูุน ูุณุคู ุงููุจูุนุงุช ุนูู ุงูุฑูู ุงูุชุงูู 
+967739817442


ููุดุงูุฏุฉ ุฌููุน ุงูุนุฑูุถ ุงูุณุงุจูุฉ ูุฑุฌู ุงูุฅูุถูุงู ูููุงุชูุง ุนูู ุงููุงุชุณ ุงุจ 

https://whatsapp.com/channel/0029Va8QJ7K0LKZK9wKGBS0P",data/5348_photo.jpg
5347,2025-01-21 01:00:15+00:00,-1001884225733,"ุจูุงูุฒ ูุณุงุฆู ุฑูุจุฉ ุณุนุฑ ุงูุฏุฑุฒู ุจ 9500 ุฑูุงู ููุท๐ฅ

ููุชูุงุตู ูุทูุจ ุงูุดุฑุงุก: 

ูุฑุฌู ุงูุชูุงุตู ูุน ูุณุคู ุงููุจูุนุงุช ุนูู ุงูุฑูู ุงูุชุงูู 
+967739817442


ููุดุงูุฏุฉ ุฌููุน ุงูุนุฑูุถ ุงูุณุงุจูุฉ ูุฑุฌู ุงูุฅูุถูุงู ูููุงุชูุง ุนูู ุงููุงุชุณ ุงุจ 

https://whatsapp.com/channel/0029Va8QJ7K0LKZK9wKGBS0P",data/5347_photo.jpg
5346,2025-01-21 00:59:45+00:00,-1001884225733,"ุฏุฑูุน ูุณุงุฆู ุญุฑูุฑ ูุทุฑุฒ ูุณูููุณ๐ฅ๐ฅ๐ฅ

ููุชูุงุตู ูุทูุจ ุงูุดุฑุงุก: 

ูุฑุฌู ุงูุชูุงุตู ูุน ูุณุคู ุงููุจูุนุงุช ุนูู ุงูุฑูู ุงูุชุงูู 
+967739817442


ููุดุงูุฏุฉ ุฌููุน ุงูุนุฑูุถ ุงูุณุงุจูุฉ ูุฑุฌู ุงูุฅูุถูุงู ูููุงุชูุง ุนูู ุงููุงุชุณ ุงุจ 

https://whatsapp.com/channel/0029Va8QJ7K0LKZK9wKGBS0P",data/5346_photo.jpg
5345,2025-01-21 00:59:28+00:00,-1001884225733,"ุจูุงุทูู ูุณุงุฆู ุณุนุฑ ุงูุฏุฑุฒู ุจ 5 ุงูู ุฑูุงู ููุท๐ฅ

ููุชูุงุตู ูุทูุจ ุงูุดุฑุงุก: 

ูุฑุฌู ุงูุชูุงุตู ูุน ูุณุคู ุงููุจูุนุงุช ุนูู ุงูุฑูู ุงูุชุงูู 
+967739817442


ููุดุงูุฏุฉ ุฌููุน ุงูุนุฑูุถ ุงูุณุงุจูุฉ ูุฑุฌู ุงูุฅูุถูุงู ูููุงุชูุง ุนูู ุงููุงุชุณ ุงุจ 

https://whatsapp.com/channel/0029Va8QJ7K0LKZK9wKGBS0P",data/5345_photo.jpg
5344,2025-01-21 00:59:06+00:00,-1001884225733,"ุตุฏุฑูุงุช ูุณุงุฆู ุณุนุฑ ุงูุฏุฑุฒู ุจ 4500 ุฑูุงู ููุท๐ฅ

ููุชูุงุตู ูุทูุจ ุงูุดุฑุงุก: 

ูุฑุฌู ุงูุชูุงุตู ูุน ูุณุคู ุงููุจูุนุงุช ุนูู ุงูุฑูู ุงูุชุงูู 
+967739817442


ููุดุงูุฏุฉ ุฌููุน ุงูุนุฑูุถ ุงูุณุงุจูุฉ ูุฑุฌู ุงูุฅูุถูุงู ูููุงุชูุง ุนูู ุงููุงุชุณ ุงุจ 

https://whatsapp.com/channel/0029Va8QJ7K0LKZK9wKGBS0P",data/5344_photo.jpg
5343,2025-01-21 00:58:44+00:00,-1001884225733,"ูุดุฏุงุช ุณุนุฑ ุงูุฏุฑุฒู ุจ 5 ุงูู ุฑูุงู ููุท๐ฅ๐ฅ๐ฅ

ููุชูุงุตู ูุทูุจ ุงูุดุฑุงุก: 

ูุฑุฌู ุงูุชูุงุตู ูุน ูุณุคู ุงููุจูุนุงุช ุนูู ุงูุฑูู ุงูุชุงูู 
+967739817442


ููุดุงูุฏุฉ ุฌููุน ุงูุนุฑูุถ ุงูุณุงุจูุฉ ูุฑุฌู ุงูุฅูุถูุงู ูููุงุชูุง ุนูู ุงููุงุชุณ ุงุจ 

https://whatsapp.com/channel/0029Va8QJ7K0LKZK9wKGBS0P",data/5343_photo.jpg
5342,2025-01-21 00:58:02+00:00,-1001884225733,"ุตุฏุฑูุงุช ูุณุงุฆู ุณุนุฑ ุงูุฏุฑุฒู ุจ 4500 ุฑูุงู ููุท๐ฅ

ููุชูุงุตู ูุทูุจ ุงูุดุฑุงุก: 

ูุฑุฌู ุงูุชูุงุตู ูุน ูุณุคู ุงููุจูุนุงุช ุนูู ุงูุฑูู ุงูุชุงูู 
+967739817442


ููุดุงูุฏุฉ ุฌููุน ุงูุนุฑูุถ ุงูุณุงุจูุฉ ูุฑุฌู ุงูุฅูุถูุงู ูููุงุชูุง ุนูู ุงููุงุชุณ ุงุจ 

https://whatsapp.com/channel/0029Va8QJ7K0LKZK9wKGBS0P",data/5342_photo.jpg
5341,2025-01-21 00:57:56+00:00,-1001884225733,,data/5341_photo.jpg
5340,2025-01-21 00:57:56+00:00,-1001884225733,,data/5340_photo.jpg
5339,2025-01-21 00:57:56+00:00,-1001884225733,,data/5339_photo.jpg
5338,2025-01-21 00:57:56+00:00,-1001884225733,,data/5338_photo.jpg
5337,2025-01-21 00:57:56+00:00,-1001884225733,,data/5337_photo.jpg
5336,2025-01-21 00:57:56+00:00,-1001884225733,,data/5336_photo.jpg
5335,2025-01-21 00:57:56+00:00,-1001884225733,"ูุณูููููุณ ูุณุงุชูู ุญุฑููู ููู ุฎุงุงุฑุฌู ุฌููุน ุงูููุฏููุงุช ูู ูกููฅูู ุงูุฏุฑุฒู ููุทุทุทุท ๐ฅ๐ฅ๐ฅ๐ฅ๐ฅ๐ฅุงููููู ูุญุฏูุฏุฉ๐ฅ

ููุชูุงุตู ูุทูุจ ุงูุดุฑุงุก: 

ูุฑุฌู ุงูุชูุงุตู ูุน ูุณุคู ุงููุจูุนุงุช ุนูู ุงูุฑูู ุงูุชุงูู 
+967739817442


ููุดุงูุฏุฉ ุฌููุน ุงูุนุฑูุถ ุงูุณุงุจูุฉ ูุฑุฌู ุงูุฅูุถูุงู ูููุงุชูุง ุนูู ุงููุงุชุณ ุงุจ 

https://whatsapp.com/channel/0029Va8QJ7K0LKZK9wKGBS0P",data/5335_photo.jpg
5334,2025-01-21 00:57:07+00:00,-1001884225733,,data/5334_photo.jpg
5333,2025-01-21 00:57:07+00:00,-1001884225733,,data/5333_photo.jpg
5332,2025-01-21 00:57:07+00:00,-1001884225733,,data/5332_photo.jpg
5331,2025-01-21 00:57:07+00:00,-1001884225733,"ุนุฑุฑุฑุฑุทุฉ๐ฅ๐ฅ๐ฅ
ุฑุจุทุงุช ุดุนุฑ ูุทู ุจุณุนุฑ 1300 ุฑูุงู ู ุงูุฏุฑุฒู ููุท๐ฅ ุนุจูุฉ ุงูุทุฑุฏ 50 ุฏุฑุฒู

ููุชูุงุตู ูุทูุจ ุงูุดุฑุงุก: 

ูุฑุฌู ุงูุชูุงุตู ูุน ูุณุคู ุงููุจูุนุงุช ุนูู ุงูุฑูู ุงูุชุงูู 
+967739817442


ููุดุงูุฏุฉ ุฌููุน ุงูุนุฑูุถ ุงูุณุงุจูุฉ ูุฑุฌู ุงูุฅูุถูุงู ูููุงุชูุง ุนูู ุงููุงุชุณ ุงุจ 

https://whatsapp.com/channel/0029Va8QJ7K0LKZK9wKGBS0P",data/5331_photo.jpg
5330,2025-01-21 00:56:33+00:00,-1001884225733,,data/5330_photo.jpg
5329,2025-01-21 00:56:33+00:00,-1001884225733,,data/5329_photo.jpg
5328,2025-01-21 00:56:33+00:00,-1001884225733,,data/5328_photo.jpg
5327,2025-01-21 00:56:33+00:00,-1001884225733,"ุนุฑุฑุฑุฑุทุฉ๐ฅ๐ฅ๐ฅ
ุฑุจุทุงุช ุดุนุฑ ูุทู ุงุฑุจุนุฉ ุงููุงู ุจุณุนุฑ 1200 ุฑูุงู ู ุงูุฏุฑุฒู ููุท๐ฅ ุนุจูุฉ ุงูุทุฑุฏ 50 ุฏุฑุฒู

ููุชูุงุตู ูุทูุจ ุงูุดุฑุงุก: 

ูุฑุฌู ุงูุชูุงุตู ูุน ูุณุคู ุงููุจูุนุงุช ุนูู ุงูุฑูู ุงูุชุงูู 
+967739817442


ููุดุงูุฏุฉ ุฌููุน ุงูุนุฑูุถ ุงูุณุงุจูุฉ ูุฑุฌู ุงูุฅูุถูุงู ูููุงุชูุง ุนูู ุงููุงุชุณ ุงุจ 

https://whatsapp.com/channel/0029Va8QJ7K0LKZK9wKGBS0P",data/5327_photo.jpg
5326,2025-01-19 20:56:09+00:00,-1001884225733,,data/5326_photo.jpg
5325,2025-01-19 20:56:09+00:00,-1001884225733,,data/5325_photo.jpg
5324,2025-01-19 20:56:09+00:00,-1001884225733,,data/5324_photo.jpg
5323,2025-01-19 20:56:09+00:00,-1001884225733,,data/5323_photo.jpg
5322,2025-01-19 20:56:09+00:00,-1001884225733,,data/5322_photo.jpg
5321,2025-01-19 20:56:09+00:00,-1001884225733,,data/5321_photo.jpg
5320,2025-01-19 20:56:08+00:00,-1001884225733,,data/5320_photo.jpg
5319,2025-01-19 20:56:05+00:00,-1001884225733,,data/5319_photo.jpg
5318,2025-01-19 20:56:04+00:00,-1001884225733,,data/5318_photo.jpg
5317,2025-01-19 20:56:04+00:00,-1001884225733,,data/5317_photo.jpg
5316,2025-01-19 20:56:04+00:00,-1001884225733,,data/5316_photo.jpg
5315,2025-01-19 20:56:04+00:00,-1001884225733,,data/5315_photo.jpg
5314,2025-01-19 20:56:04+00:00,-1001884225733,,data/5314_photo.jpg
5313,2025-01-19 20:56:04+00:00,-1001884225733,,data/5313_photo.jpg
5312,2025-01-19 20:56:04+00:00,-1001884225733,,data/5312_photo.jpg
5311,2025-01-19 20:56:04+00:00,-1001884225733,,data/5311_photo.jpg
5310,2025-01-19 20:56:04+00:00,-1001884225733,"ุงุซูุงุจ ุฑุฌุงูู ุฑุงูู ุงุจู ูุตูุต ุทูุทู ุฎุงูู ูุฎูุงุท ุชูุตูู ุฐูุจ ู ุงููุทููุจ ูุจุฃุณุนุงุฑ ูุณูููุณ 
 ุงูุงุณุนุงุฑ ุจุงูููุฑุฌู ูขู ุซูุจ 
ุฑุฌุงูู ุฎูุณููุงุช ุจ ูฃูฉ ุงูู ๐ฅ๐ฅ
ุงุฑุจุนููุงุช ุดุจุงุจู ุจ ูฃูฃุงูู ๐ฅ๐ฅ
ุซูุงุซููุงุช ูุงุณุท ุจ ูขูฅ ุงูู ๐ฅ๐ฅ
ุนุดุฑููุงุช ุตุบูุฑ ุจ ูกูง ุงูู ๐ฅ๐ฅ

ููุชูุงุตู ูุทูุจ ุงูุดุฑุงุก: 

ูุฑุฌู ุงูุชูุงุตู ูุน ูุณุคู ุงููุจูุนุงุช ุนูู ุงูุฑูู ุงูุชุงูู 
+967739817442


ููุดุงูุฏุฉ ุฌููุน ุงูุนุฑูุถ ุงูุณุงุจูุฉ ูุฑุฌู ุงูุฅูุถูุงู ูููุงุชูุง ุนูู ุงููุงุชุณ ุงุจ 

https://whatsapp.com/channel/0029Va8QJ7K0LKZK9wKGBS0P",data/5310_photo.jpg
5309,2025-01-19 20:38:01+00:00,-1001884225733,"ูุตู ูุจุณุนุฑ ุญุงูู๐ฅ๐ฅ๐ฅ
ุจุฌุงุฆู ุฑุฌุงูู ูุทุนุชูู ูู ุทูู ูุฌู ุจุนูุจุฉ ุณุนุฑ ุงูุฏุฑุฒู ุจ 14900 ุฑูุงู ููุท๐ฅ๐ฅ๐ฅ
ููููููุงุช ุงุณุนุงุฑ ุฎุงุตุฉ๐ฅ
ูุง ุชูุณู ุฐูุฑ ุงููู๐น

ููุชูุงุตู ูุทูุจ ุงูุดุฑุงุก: 

ูุฑุฌู ุงูุชูุงุตู ูุน ูุณุคู ุงููุจูุนุงุช ุนูู ุงูุฑูู ุงูุชุงูู 
+967739817442

ููุดุงูุฏุฉ ุฌููุน ุงูุนุฑูุถ ุงูุณุงุจูุฉ ูุฑุฌู ุงูุฅูุถูุงู ูููุงุชูุง ุนูู ุงููุงุชุณ ุงุจ 

https://whatsapp.com/channel/0029Va8QJ7K0LKZK9wKGBS0P",data/5309_photo.jpg
5308,2025-01-19 19:52:52+00:00,-1001884225733,"ูุตู ุงูุญุงูู ูุตู๐ฅ๐ฅ๐ฅ
ุงุทูู ุจูุงุชู ูููู ููุฏู ูุทุนุชูู ูุงุฑูุฉ ุฑุงููุฉ ูุฑุงุฆุนุฉ ุฌุฏุงู ุงูููุงุณ ูู 2 ุณูุฉ ุงูู 9 ุณููู ุจุถุงุนุฉ ุงุณุชูุฏุฑ ุฎุงูุงุช ูููุงุณุงุช ูุฃููุงู ุฑูุนุฉ ุณุนุฑ ุงูุทูู ูู 2100 ุฑูุงู ููุท๐ฅ๐ฅ๐ฅ
ุงููููุฉ ูุญุฏูุฏุฉ๐ฅ

ููุชูุงุตู ูุทูุจ ุงูุดุฑุงุก: 

ูุฑุฌู ุงูุชูุงุตู ูุน ูุณุคู ุงููุจูุนุงุช ุนูู ุงูุฑูู ุงูุชุงูู 
+967739817442


ููุดุงูุฏุฉ ุฌููุน ุงูุนุฑูุถ ุงูุณุงุจูุฉ ูุฑุฌู ุงูุฅูุถูุงู ูููุงุชูุง ุนูู ุงููุงุชุณ ุงุจ 

https://whatsapp.com/channel/0029Va8QJ7K0LKZK9wKGBS0P",data/5308_photo.jpg
5307,2025-01-19 19:52:32+00:00,-1001884225733,"ูุตู ุงูุญุงูู ูุตู๐ฅ๐ฅ๐ฅ
ุงุทูู ุงุทูุงู ูุทุนุชูู ููุฏู ุฎุงูุฉ ูุทุจุนุงุช ูุฃููุงู ููุชุงุฒุฉ ูุญููุฉ ุฌุฏุงู ูุฎุจ ุฃูู ุงุทูู ุฑุงููุฉ ุฌุฏุงู ุงูููุงุณ ูู 1 ุณูุฉ ุฅูู 3 ุณูุฉ ุณุนุฑ ุงูุฏุฑุฒู ุจ 8400 ุฑูุงู ููุท๐ฅ๐ฅ๐ฅ
ููุชูุงุตู ูุทูุจ ุงูุดุฑุงุก: 

ูุฑุฌู ุงูุชูุงุตู ูุน ูุณุคู ุงููุจูุนุงุช ุนูู ุงูุฑูู ุงูุชุงูู 
+967739817442


ููุดุงูุฏุฉ ุฌููุน ุงูุนุฑูุถ ุงูุณุงุจูุฉ ูุฑุฌู ุงูุฅูุถูุงู ูููุงุชูุง ุนูู ุงููุงุชุณ ุงุจ 

https://whatsapp.com/channel/0029Va8QJ7K0LKZK9wKGBS0P",data/5307_photo.jpg
5306,2025-01-19 19:52:07+00:00,-1001884225733,"ูุตู ุงูุญุงูู ูุตู๐ฅ๐ฅ๐ฅ
ุดูุฑุช ุจูุงุชู ููุฏู ูููู ุฑุงูู ูุงุฑูุฉ ุจุฑุจุงุท ุฎุตุฑ ูุทุจุนุฉ ุดุนุงุฑ ูููู ูุงูุณ ุฌููุชุฑ ุทุจุนุฉ ุดุนุงุฑ ุฃูุงููุฉุ ุชุตููู ูุฏููุฌ ูุฑุงุฆุน ุ ุฃุทุฑุงู ูุทููุฉ ุฎุงูุฉ ุฐูุจ ูู ููุฉ ุงูุฑูุนุฉ ูุนูู ุจุถุงุนุฉ ูููู ุจูู ูุนูู ุงููููุฉ ุงูููุงุณุงุช ูู 3 ุณูุฉ ุงูู 9 ุณููู ุณุนุฑ ุงูุฏุฑุฒู ุจ 6800 ุฑูุงู ููุท๐ฅ๐ฅ๐ฅ

ููุชูุงุตู ูุทูุจ ุงูุดุฑุงุก: 

ูุฑุฌู ุงูุชูุงุตู ูุน ูุณุคู ุงููุจูุนุงุช ุนูู ุงูุฑูู ุงูุชุงูู 
+967739817442


ููุดุงูุฏุฉ ุฌููุน ุงูุนุฑูุถ ุงูุณุงุจูุฉ ูุฑุฌู ุงูุฅูุถูุงู ูููุงุชูุง ุนูู ุงููุงุชุณ ุงุจ 

https://whatsapp.com/channel/0029Va8QJ7K0LKZK9wKGBS0P",data/5306_photo.jpg
5305,2025-01-19 19:51:45+00:00,-1001884225733,"ูุตู ุงูุญุงูู ูุตู๐ฅ๐ฅ๐ฅ
ุชูุดุฑุช ุจูุงุชู ููุฏู ูููู ูุงุฑูุฉ ุฎุงูุฉ ูุทู 100% ุจุทุจุนุฉ ุดุนุงุฑ ูู ูุงูุณ ุฌููุชุฑ ุงูุจุถุงุนุฉ ุฑุงููุฉ ุฌุฏุงู ุงูููุงุณ ูู 2 ุณูุฉ ุฅูู 9 ุณูุฉ ุณุนุฑ ุงูุฏุฑุฒู ุจ 6800 ุฑูุงู ููุท๐ฅ๐ฅ๐ฅ

ููุชูุงุตู ูุทูุจ ุงูุดุฑุงุก: 

ูุฑุฌู ุงูุชูุงุตู ูุน ูุณุคู ุงููุจูุนุงุช ุนูู ุงูุฑูู ุงูุชุงูู 
+967739817442

ู
ููุดุงูุฏุฉ ุฌููุน ุงูุนุฑูุถ ุงูุณุงุจูุฉ ูุฑุฌู ุงูุฅูุถูุงู ูููุงุชูุง ุนูู ุงููุงุชุณ ุงุจ 

https://whatsapp.com/channel/0029Va8QJ7K0LKZK9wKGBS0P",data/5305_photo.jpg
5303,2025-01-19 01:20:52+00:00,-1001884225733,,data/5303_photo.jpg
5302,2025-01-19 01:20:52+00:00,-1001884225733,,data/5302_photo.jpg
5301,2025-01-19 01:20:51+00:00,-1001884225733,,data/5301_photo.jpg
5300,2025-01-19 01:20:51+00:00,-1001884225733,,data/5300_photo.jpg
5299,2025-01-19 01:20:51+00:00,-1001884225733,,data/5299_photo.jpg
5298,2025-01-19 01:20:51+00:00,-1001884225733,,data/5298_photo.jpg
5297,2025-01-18 22:31:14+00:00,-1001884225733,"ุงุฑูุงุจ ูุณุงุฆู ุญุฑูุฑ ุนุฑุทุฉ ุจุณุนุฑ ุงูู ูู ุณุนุฑ ุงูุตูู ุณุนุฑ ุงูุฏุฑุฒู ุจ 1999 ุฑูุงู ููุท๐ฅ๐ฅ๐ฅ

ููุชูุงุตู ูุทูุจ ุงูุดุฑุงุก: 

ูุฑุฌู ุงูุชูุงุตู ูุน ูุณุคู ุงููุจูุนุงุช ุนูู ุงูุฑูู ุงูุชุงูู 
+967739817442


ููุดุงูุฏุฉ ุฌููุน ุงูุนุฑูุถ ุงูุณุงุจูุฉ ูุฑุฌู ุงูุฅูุถูุงู ูููุงุชูุง ุนูู ุงููุงุชุณ ุงุจ 

https://whatsapp.com/channel/0029Va8QJ7K0LKZK9wKGBS0P",data/5297_photo.jpg
5296,2025-01-18 21:44:31+00:00,-1001884225733,,data/5296_photo.jpg
5295,2025-01-18 21:44:31+00:00,-1001884225733,,data/5295_photo.jpg
5294,2025-01-18 21:44:31+00:00,-1001884225733,,data/5294_photo.jpg
5293,2025-01-18 21:44:31+00:00,-1001884225733,,data/5293_photo.jpg
5292,2025-01-18 21:44:31+00:00,-1001884225733,,data/5292_photo.jpg
5291,2025-01-18 21:44:31+00:00,-1001884225733,"ุจูููุฑุงุช ุฑุฌุงูู ููุณุงุฆู ุจุฑุด ุฑุงูู ุงููุงู ูููุงุณุงุช ูุงุณุนุฉ ุฑุงุฆุนุฉ ุณุนุฑ ุงูุฏุฑุฒู ุจ 14900 ุฑูุงู ููุท๐ฅ๐ฅ๐ฅ

ููุชูุงุตู ูุทูุจ ุงูุดุฑุงุก: 

ูุฑุฌู ุงูุชูุงุตู ูุน ูุณุคู ุงููุจูุนุงุช ุนูู ุงูุฑูู ุงูุชุงูู 
+967739817442


ููุดุงูุฏุฉ ุฌููุน ุงูุนุฑูุถ ุงูุณุงุจูุฉ ูุฑุฌู ุงูุฅูุถูุงู ูููุงุชูุง ุนูู ุงููุงุชุณ ุงุจ 

https://whatsapp.com/channel/0029Va8QJ7K0LKZK9wKGBS0P",data/5291_photo.jpg
5290,2025-01-18 21:32:11+00:00,-1001884225733,,data/5290_photo.jpg
5289,2025-01-18 21:32:11+00:00,-1001884225733,,data/5289_photo.jpg
5288,2025-01-18 21:32:11+00:00,-1001884225733,,data/5288_photo.jpg
5287,2025-01-18 21:32:11+00:00,-1001884225733,,data/5287_photo.jpg
5286,2025-01-18 21:32:11+00:00,-1001884225733,,data/5286_photo.jpg
5285,2025-01-18 21:32:11+00:00,-1001884225733,,data/5285_photo.jpg
5284,2025-01-18 21:32:11+00:00,-1001884225733,,data/5284_photo.jpg
5283,2025-01-18 21:32:11+00:00,-1001884225733,,data/5283_photo.jpg
5282,2025-01-18 21:32:11+00:00,-1001884225733,,data/5282_photo.jpg
5281,2025-01-18 21:32:11+00:00,-1001884225733,"ูุฑุงููุด ุงุทูุงู ูุทุนุชูู ุงููุงู ูู ููู ุงุญูู ูู ุงูุซุงูู ุณุนุฑ ุงูุฏุฑุฒู ุจ 5300 ุฑูุงู ููุท๐ฅ๐คฉ

ููุชูุงุตู ูุทูุจ ุงูุดุฑุงุก: 

ูุฑุฌู ุงูุชูุงุตู ูุน ูุณุคู ุงููุจูุนุงุช ุนูู ุงูุฑูู ุงูุชุงูู 
+967739817442

ููุดุงูุฏุฉ ุฌููุน ุงูุนุฑูุถ ุงูุณุงุจูุฉ ูุฑุฌู ุงูุฅูุถูุงู ูููุงุชูุง ุนูู ุงููุงุชุณ ุงุจ 

https://whatsapp.com/channel/0029Va8QJ7K0LKZK9wKGBS0P",data/5281_photo.jpg
